TestTakersPercentage,ELA8thGrade4s,Math8thGrade4s,Percent of Students Chronically Absent,Average Math Proficiency,Economic Need Index,District,Average ELA Proficiency,Student Attendance Rate,Percent of Students Chronically Absent
0.0979534680853506,1.0,0.9999999999999999,0.02,1.0,0.511727078891258,0.625,0.9999999999999999,0.98,0.02
0.12145180838170569,0.7260488862268617,0.6204550231189575,0.07,0.8854415274463007,0.3315565031982942,0.65625,0.9216710182767622,0.96,0.07
1.0,0.5427090376380437,0.03195701357466063,0.05,0.883054892601432,0.23560767590618337,0.09375,0.9033942558746735,0.96,0.05
0.23151750972762647,0.6235190097259062,0.25126201923076924,0.03,0.8329355608591885,0.26439232409381663,0.46875,0.9138381201044385,0.97,0.03
0.5134333889197702,0.6900157764255128,0.18108974358974356,0.02,0.9403341288782816,0.3283582089552239,0.0625,0.9451697127937336,0.98,0.02
0.10864019377947277,0.516122469738582,0.5684538970962811,0.08,0.9069212410501193,0.4744136460554371,0.65625,0.9060052219321149,0.96,0.08
0.12886441875329394,0.3708812260536398,0.22231766792285523,0.07,0.8019093078758949,0.5948827292110873,0.625,0.8172323759791121,0.97,0.07
0.1401131941987973,0.4905085336119819,0.2666958041958042,0.04,0.8544152744630071,0.27505330490405117,0.8125,0.8590078328981723,0.98,0.04
0.09288198344730907,0.37279949483313285,0.42658553917214426,0.05,0.8138424821002387,0.42537313432835816,0.8125,0.8093994778067884,0.97,0.05
0.08086535442809167,0.3263397092240828,0.23112187323678765,0.1,0.7852028639618138,0.47228144989339016,0.78125,0.7624020887728459,0.96,0.1
0.08498831066924452,0.3073505264174635,0.4269350711658404,0.12,0.782816229116945,0.6631130063965884,0.625,0.7624020887728459,0.96,0.12
0.1847443188359082,0.3170859014936976,0.17358898497951752,0.05,0.8257756563245823,0.2921108742004264,0.8125,0.8224543080939947,0.97,0.05
0.07933454836695697,0.38405521301159573,0.4120745542949757,0.1,0.79236276849642,0.4936034115138592,0.6875,0.8067885117493472,0.96,0.1
0.10128277661674884,0.4053098735370356,0.2933976261127596,0.09,0.7971360381861574,0.3837953091684435,0.0625,0.8041775456919059,0.96,0.09
0.11236074836096156,0.7944155775993281,0.6772260273972602,0.02,0.9403341288782816,0.11087420042643924,0.0625,0.9556135770234986,0.98,0.02
0.08031512113817726,0.2407506257191322,0.2695418987791869,0.12,0.701670644391408,0.6108742004264391,0.75,0.7049608355091384,0.95,0.12
0.19050583657587547,0.919282655590972,0.44910256410256405,0.05,0.8663484486873507,0.1396588486140725,0.0625,0.9791122715404699,0.97,0.05
0.11964134664185418,0.5215945218879922,0.12282608695652172,0.13,0.8066825775656324,0.464818763326226,0.75,0.8172323759791121,0.95,0.13
0.05983837174498653,0.30916229128234235,0.26411242603550295,0.12,0.7326968973747016,0.36247334754797444,0.78125,0.7493472584856397,0.95,0.12
0.0663407108257422,0.2471264367816092,0.288265306122449,0.12,0.7231503579952266,0.396588486140725,0.875,0.7441253263707571,0.95,0.12
0.0664905949476825,0.26290966502750374,0.425044838581108,0.13,0.7684964200477327,0.5991471215351813,0.78125,0.7101827676240209,0.96,0.13
0.16148773314334777,0.27769343839610594,0.11732574936800289,0.11,0.7756563245823389,0.5565031982942431,0.0625,0.7963446475195821,0.96,0.11
0.12384073023024487,0.43140205668422377,0.06944042799305956,0.12,0.7613365155131264,0.43496801705756927,0.875,0.7702349869451697,0.95,0.12
0.369325551232166,0.6886886886886887,0.022636217948717945,0.07,0.8591885441527446,0.2601279317697228,0.46875,0.8929503916449085,0.96,0.07
0.06466851481209832,0.3025426680599094,0.10066969771442613,0.12,0.7541766109785203,0.220682302771855,0.96875,0.7963446475195821,0.95,0.12
0.07127769395696022,0.23493897733248648,0.13526295133437988,0.1,0.7136038186157518,0.685501066098081,0.75,0.7415143603133159,0.96,0.1
0.12354889539183844,0.19202760650579787,0.11673553719008264,0.09,0.7231503579952266,0.7526652452025586,0.625,0.7154046997389034,0.97,0.09
0.10370154408549098,0.13098212798362724,0.02191864331633784,0.1,0.7064439140811455,0.6556503198294243,0.75,0.691906005221932,0.96,0.1
0.13159942658201926,0.33784373635966825,0.051467611336032386,0.06,0.7350835322195703,0.2889125799573561,0.8125,0.7728459530026108,0.97,0.06
0.056983798723892226,0.23177562574793095,0.26273977911257507,0.19,0.7088305489260144,0.6727078891257996,0.65625,0.7101827676240209,0.94,0.19
0.0774799634148232,0.3703492606313923,0.3895954642966595,0.06,0.7708830548926013,0.35820895522388063,0.78125,0.7702349869451697,0.97,0.06
0.10890196450602638,0.143430245661483,0.14906777673545965,0.26,0.6181384248210023,0.8987206823027718,0.3125,0.6631853785900783,0.92,0.26
0.058403720223972666,0.10010184781027208,0.3286116322701688,0.12,0.6706443914081145,0.88272921108742,0.625,0.6318537859007832,0.95,0.12
0.07115644461602544,0.2788731578794985,0.2553223538863225,0.06,0.7637231503579952,0.5906183368869935,0.9375,0.7597911227154046,0.97,0.06
0.10918085429534376,0.11536172103590801,0.012117529310837859,0.14,0.6276849642004773,0.7228144989339018,0.4375,0.6762402088772845,0.95,0.14
0.05093934919214892,0.19855699855699854,0.15349989345834222,0.17,0.665871121718377,0.39019189765458423,0.96875,0.7389033942558746,0.94,0.17
0.06430473069834118,0.22724270048883605,0.2993867587520838,0.08,0.7446300715990454,0.6407249466950959,0.9375,0.7284595300261096,0.96,0.08
0.0638928192430138,0.270923797360579,0.2654611013986014,0.12,0.7231503579952266,0.5469083155650319,0.9375,0.7493472584856397,0.95,0.12
0.059232401839405736,0.14041728127058345,0.20249125874125873,0.11,0.6754176610978521,0.7793176972281449,0.625,0.6501305483028721,0.96,0.11
0.24629522311449623,0.14644529587058322,0.011558919803600654,0.19,0.630071599045346,0.6695095948827292,0.875,0.6892950391644909,0.93,0.19
0.09841510866470532,0.6746943988323298,0.3445121951219512,0.01,0.8424821002386634,0.4371002132196162,0.875,0.8955613577023498,0.98,0.01
0.184662775616083,0.6590038314176245,0.6338141025641025,0.02,0.8663484486873507,0.5959488272921108,0.03125,0.8459530026109661,0.98,0.02
0.06010389302573624,0.18426093970558582,0.008273135493947677,0.24,0.6706443914081145,0.5767590618336887,0.84375,0.6997389033942558,0.93,0.24
0.2178988326848249,0.6049871239243766,0.06391402714932126,0.08,0.79236276849642,0.12153518123667378,0.0625,0.8250652741514359,0.96,0.08
0.06614785992217899,0.41953483352220605,0.08001639833035182,0.15,0.7684964200477327,0.2547974413646055,0.96875,0.8093994778067884,0.94,0.15
0.6085603112840466,0.5334792920999818,0.0,0.09,0.7541766109785203,0.27185501066098083,0.78125,0.8015665796344646,0.95,0.09
0.04366792315175097,0.18365680547704288,0.07427509014423077,0.23,0.6372315035799522,0.6417910447761194,0.84375,0.6736292428198433,0.93,0.23
0.2723735408560311,0.34013100976393523,0.15978506787330315,0.02,0.8090692124105012,0.5735607675906182,0.78125,0.7728459530026108,0.98,0.02
0.22784262862083876,0.21708361505521748,0.12072649572649571,0.08,0.8210023866348448,0.41044776119402987,0.625,0.8120104438642296,0.97,0.08
0.07986741605418649,0.14886587927340278,0.012072649572649571,0.13,0.6372315035799522,0.7665245202558636,0.46875,0.6736292428198433,0.95,0.13
0.03864082906345109,0.18179416039106883,0.13447258187357197,0.2,0.5990453460620524,0.7537313432835822,0.9375,0.6422976501305482,0.94,0.2
0.3561807841963484,0.42746194470332405,0.041789940828402365,0.06,0.7494033412887828,0.32409381663113007,0.09375,0.8276762402088772,0.97,0.06
0.1802289516720239,0.46862494678586636,0.015746934225195092,0.1,0.7422434367541766,0.40618336886993606,0.46875,0.8093994778067884,0.95,0.1
0.060211513518906516,0.08069434670419892,0.2542221400394477,0.12,0.6897374701670644,0.8443496801705758,0.625,0.6344647519582245,0.96,0.12
0.04967425496071679,0.11425453423958816,0.020814913056292364,0.14,0.6276849642004773,0.6321961620469083,0.84375,0.6866840731070495,0.95,0.14
0.09158934450763244,0.4170910325428004,0.16715976331360946,0.02,0.8019093078758949,0.2515991471215352,0.0625,0.8798955613577023,0.97,0.02
0.07844082504046004,0.33824975417895775,0.4423076923076923,0.13,0.711217183770883,0.570362473347548,0.75,0.7441253263707571,0.96,0.13
0.08498466771458757,0.1449808429118774,0.0791518084564442,0.05,0.711217183770883,0.6716417910447762,0.78125,0.6892950391644909,0.97,0.05
0.06962932623387262,0.16475095785440613,0.05718623481781376,0.16,0.6682577565632457,0.6780383795309168,0.65625,0.6840731070496083,0.95,0.16
0.08452226545611759,0.34780757769263515,0.33199786324786323,0.06,0.7661097852028639,0.38166311300639655,0.0625,0.7963446475195821,0.97,0.06
0.06704174992112735,0.27458492975734355,0.11746361746361746,0.13,0.6992840095465394,0.4456289978678038,0.3125,0.7154046997389034,0.94,0.13
0.05469919185872493,0.30710858163151433,0.28208210059171596,0.09,0.737470167064439,0.371002132196162,0.75,0.7754569190600522,0.96,0.09
0.14799182219877333,0.21088122605363985,0.09207953063885266,0.07,0.7183770883054892,0.6364605543710021,0.03125,0.7624020887728459,0.96,0.07
0.03948360631013784,0.2443497352447372,0.0,0.26,0.6038186157517899,0.593816631130064,0.96875,0.6892950391644909,0.92,0.26
0.26459143968871596,0.4073841866945315,0.27163461538461536,0.03,0.8066825775656324,0.37739872068230274,0.78125,0.814621409921671,0.97,0.03
0.050429556574334476,0.16240852717401172,0.20439832444782938,0.11,0.6587112171837708,0.6513859275053305,0.34375,0.6788511749347258,0.95,0.11
0.15975332207620585,0.28870644043057836,0.08200290275761973,0.08,0.7708830548926013,0.5085287846481876,0.09375,0.8120104438642296,0.96,0.08
0.07677876598110062,0.32372118034549974,0.2037259615384615,0.14,0.6682577565632457,0.6002132196162047,0.9375,0.6997389033942558,0.94,0.14
0.07522697795071336,0.2094846616426886,0.16333584715937655,0.1,0.737470167064439,0.5575692963752665,0.625,0.7362924281984333,0.96,0.1
0.07013267076086448,0.25800621701727755,0.004363608279270929,0.15,0.6873508353221957,0.27078891257995735,0.96875,0.7441253263707571,0.94,0.15
0.07216130173328617,0.20810647307924984,0.1728583916083916,0.13,0.6825775656324582,0.6439232409381663,0.1875,0.7206266318537857,0.95,0.13
0.05560254892009248,0.34382808595702147,0.2834448160535117,0.06,0.7159904534606205,0.5287846481876333,0.875,0.7989556135770234,0.96,0.06
0.10676496689193801,0.37657361795292826,0.05718623481781376,0.04,0.7708830548926013,0.19189765458422176,0.75,0.8041775456919059,0.96,0.04
0.09922178988326849,0.27310068689379036,0.03195701357466063,0.09,0.7780429594272076,0.5298507462686568,0.6875,0.7780678851174934,0.96,0.09
0.11024643320363166,0.3969902598901353,0.3233745421245421,0.1,0.7756563245823389,0.35607675906183367,0.96875,0.793733681462141,0.95,0.1
0.07599966884675885,0.12411731354053915,0.0,0.29,0.5823389021479713,0.9040511727078892,0.59375,0.6240208877284595,0.91,0.29
0.07503339334456124,0.1546265973158672,0.21622655951014158,0.21,0.6157517899761337,0.7782515991471215,0.65625,0.639686684073107,0.93,0.21
0.06643175631669479,0.17138180135938225,0.009326510399471771,0.16,0.6085918854415274,0.46375266524520253,0.90625,0.6605744125326369,0.94,0.16
0.08797665369649806,0.08786717752234993,0.02173076923076923,0.17,0.6252983293556086,0.7633262260127931,0.34375,0.6501305483028721,0.94,0.17
0.05669816564758199,0.3181397806843705,0.0776098901098901,0.07,0.7279236276849641,0.37739872068230274,0.46875,0.7362924281984333,0.96,0.07
0.09922178988326849,0.49639249639249644,0.19755244755244755,0.05,0.7947494033412887,0.2547974413646055,0.8125,0.8015665796344646,0.97,0.05
0.3086900129701686,0.42911877394636017,0.0,0.08,0.756563245823389,0.19083155650319827,0.40625,0.8328981723237597,0.96,0.08
0.07299074198309406,0.11735684669080984,0.01873342175066313,0.16,0.6730310262529832,0.814498933901919,0.34375,0.6527415143603132,0.95,0.16
0.09260700389105057,0.25592381802626196,0.2825,0.08,0.6873508353221957,0.6012793176972281,0.0625,0.7232375979112271,0.96,0.08
0.03179808103083975,0.26898115568066305,0.24181123031271398,0.22,0.720763723150358,0.23987206823027718,0.96875,0.7832898172323759,0.93,0.22
0.0664156650230785,0.17674432260242803,0.1935534101526004,0.21,0.6372315035799522,0.5692963752665245,0.34375,0.6945169712793733,0.93,0.21
0.42628620838737574,0.32498819083608876,0.0,0.13,0.7088305489260144,0.48720682302771856,0.78125,0.7075718015665795,0.96,0.13
0.07587548638132295,0.03876493125986027,0.303591628959276,0.12,0.7326968973747016,0.6982942430703625,0.625,0.7023498694516971,0.96,0.12
0.08365758754863813,0.08703824188534663,0.0,0.08,0.5966587112171837,0.5170575692963753,0.46875,0.6605744125326369,0.96,0.08
0.10394663702056699,0.27661889219999053,0.0776098901098901,0.11,0.6897374701670644,0.7377398720682303,0.65625,0.7101827676240209,0.95,0.11
0.11932555123216602,0.31011945007888214,0.4900075414781297,0.07,0.7971360381861574,0.5159914712153518,0.46875,0.7676240208877284,0.96,0.07
0.055812256809338524,0.15637379050587702,0.2971003605769231,0.09,0.720763723150358,0.8923240938166312,0.0625,0.6501305483028721,0.97,0.09
0.060635538261997406,0.31632183908045974,0.1282719017094017,0.15,0.6539379474940334,0.5213219616204691,0.25,0.7545691906005222,0.95,0.15
0.0954711380320109,0.3649867374005305,0.13441712926249008,0.1,0.7183770883054892,0.337953091684435,0.96875,0.7911227154046996,0.95,0.1
0.24029222583975224,0.7875899448649659,0.48783359497645207,0.11,0.7398568019093078,0.5543710021321961,0.5625,0.7963446475195821,0.95,0.11
0.13229571984435798,0.28183811658112246,0.0,0.16,0.6205250596658711,0.5874200426439233,0.4375,0.7441253263707571,0.95,0.16
0.06682979662240764,0.2014230979748221,0.0280035685963521,0.17,0.639618138424821,0.5266524520255863,0.6875,0.7258485639686683,0.94,0.17
0.02779833377097706,0.16631011518425853,0.15831465313827275,0.09,0.6133651551312649,0.7270788912579957,0.9375,0.6344647519582245,0.96,0.09
0.16282550134690213,0.05491698595146871,0.0,0.13,0.47971360381861566,0.7569296375266524,0.46875,0.5587467362924282,0.95,0.13
0.11969612747822865,0.28387857353374596,0.10347985347985346,0.1,0.7732696897374701,0.44243070362473347,0.78125,0.7702349869451697,0.95,0.1
0.045898515048042564,0.3111962537249894,0.1478283621140764,0.13,0.6706443914081145,0.6940298507462686,0.625,0.7075718015665795,0.95,0.13
0.03374209016232362,0.06774805743545673,0.027437839937839936,0.29,0.5536992840095465,0.6439232409381663,0.96875,0.6449086161879896,0.91,0.29
0.016536964980544747,0.028042716230537213,0.022636217948717945,0.28,0.5894988066825776,0.9168443496801706,0.03125,0.6475195822454307,0.92,0.28
0.013012693755182752,0.0648200489918975,0.03562421185372005,0.27,0.5417661097852028,0.9051172707889127,0.03125,0.5770234986945169,0.93,0.27
0.044098573281452655,0.0,0.0,0.1,0.7183770883054892,0.31236673773987206,0.0625,0.7571801566579633,0.95,0.1
0.018899388549193995,0.09195402298850575,0.05173992673992673,0.33,0.5011933174224343,0.8081023454157783,0.09375,0.5822454308093994,0.91,0.33
0.017639429312581063,0.0,0.0,0.32,0.513126491646778,0.9221748400852878,0.125,0.6057441253263707,0.9,0.32
0.018459867885259253,0.03138113482941069,0.20214669051878353,0.23,0.5632458233890214,0.8773987206823027,0.1875,0.5483028720626631,0.93,0.23
0.00933852140077821,0.015505972503944107,0.025565610859728503,0.18,0.6372315035799522,0.8955223880597014,0.1875,0.6475195822454307,0.94,0.18
0.007282333202441724,0.012091813420506872,0.0,0.38,0.48687350835322196,0.9680170575692962,0.21875,0.5561357702349868,0.89,0.38
0.013453802018070303,0.022724270048883603,0.055247718383311606,0.33,0.6085918854415274,0.8017057569296375,0.3125,0.618798955613577,0.92,0.33
0.013685764121830136,0.04544854009776721,0.09366710875331564,0.26,0.5918854415274463,0.859275053304904,0.3125,0.6214099216710182,0.92,0.26
0.013685764121830136,0.0,0.0,0.42,0.5346062052505967,0.8624733475479744,0.375,0.5926892950391645,0.87,0.42
0.033073929961089495,0.0,0.0,0.39,0.45107398568019086,0.8987206823027718,0.4375,0.5509138381201043,0.88,0.39
0.07216130173328617,0.1198188784395681,0.0,0.17,0.48687350835322196,0.6769722814498934,0.46875,0.6501305483028721,0.94,0.17
0.008819714656290532,0.0,0.012072649572649571,0.22,0.5107398568019094,0.7953091684434968,0.53125,0.5639686684073106,0.93,0.22
0.011179919986847153,0.07531472359058566,0.07651679306608884,0.31,0.5011933174224343,0.8283582089552239,0.59375,0.5926892950391645,0.91,0.31
0.020353187668362766,0.0,0.0,0.27,0.5369928400954653,0.8571428571428572,0.71875,0.5691906005221932,0.92,0.27
0.028349082823790995,0.04624588290649997,0.0,0.1,0.5346062052505967,0.4221748400852879,0.90625,0.6631853785900783,0.96,0.1
0.011503975638639825,0.0,0.015746934225195092,0.11,0.558472553699284,0.720682302771855,0.9375,0.4986945169712793,0.96,0.11
0.011872692806544946,0.01689753413891345,0.0,0.29,0.5751789976133651,0.7878464818763328,0.09375,0.618798955613577,0.91,0.29
0.03193344961760365,0.0,0.0,0.49,0.4940334128878281,0.9488272921108742,0.125,0.5483028720626631,0.87,0.49
0.016536964980544747,0.12203774655881935,0.019402472527472524,0.44,0.5847255369928401,0.9626865671641791,0.28125,0.5953002610966056,0.88,0.44
0.009748105672742166,0.031011945007888213,0.011437246963562752,0.35,0.4582338902147971,0.990405117270789,0.28125,0.5169712793733681,0.9,0.35
0.01929312581063554,0.0,0.0,0.18,0.5083532219570405,0.7515991471215352,0.28125,0.5770234986945169,0.94,0.18
0.009851808924579849,0.03295019157088123,0.23117839607201307,0.3,0.5632458233890214,0.9264392324093818,0.375,0.5796344647519582,0.92,0.3
0.01624684278790361,0.06817281014665082,0.019062078272604584,0.4,0.4940334128878281,0.9626865671641791,0.375,0.5744125326370757,0.88,0.4
0.011024643320363164,0.053432743087915506,0.0,0.4,0.503579952267303,0.8763326226012794,0.4375,0.5561357702349868,0.89,0.4
0.021047046338875133,0.08786717752234993,0.04938811188811189,0.36,0.5178997613365155,0.8997867803837954,0.71875,0.6057441253263707,0.9,0.36
0.015966724808801826,0.0,0.0,0.39,0.47255369928400953,0.7515991471215352,0.59375,0.5639686684073106,0.9,0.39
0.03429889033001873,0.10138520483348071,0.08048433048433047,0.14,0.7040572792362768,0.7270788912579957,0.65625,0.6997389033942558,0.95,0.14
0.014031364225916755,0.04297851074462768,0.0,0.37,0.5298329355608592,0.9562899786780384,0.84375,0.5770234986945169,0.91,0.37
0.007983362404400913,0.023963775687913618,0.01873342175066313,0.18,0.539379474940334,0.920042643923241,1.0,0.5874673629242819,0.94,0.18
0.022587074119768437,0.03214652836183535,0.053001876172607876,0.36,0.5847255369928401,0.802771855010661,0.46875,0.5926892950391645,0.89,0.36
0.03429889033001873,0.19526039449411095,0.12072649572649571,0.3,0.701670644391408,0.7899786780383795,0.125,0.7597911227154046,0.87,0.3
0.006299796183064666,0.08786717752234993,0.007391418105703819,0.23,0.5918854415274463,0.8869936034115139,0.375,0.5822454308093994,0.93,0.23
0.023519239083441418,0.14644529587058322,0.07243589743589743,0.16,0.6062052505966586,0.7697228144989339,0.125,0.7023498694516971,0.95,0.16
0.01679945648817244,0.06276226965882138,0.017246642246642244,0.39,0.522673031026253,0.9626865671641791,0.15625,0.5718015665796344,0.9,0.39
0.02300795127727965,0.08786717752234993,0.04724080267558528,0.12,0.6252983293556086,0.8528784648187634,0.1875,0.6422976501305482,0.95,0.12
0.012599592366129331,0.03295019157088123,0.0,0.36,0.503579952267303,0.9648187633262261,0.21875,0.5613577023498694,0.91,0.36
0.010799650599539426,0.08069434670419892,0.0,0.21,0.5704057279236276,0.929637526652452,0.21875,0.5874673629242819,0.93,0.21
0.010176593834181383,0.013729246487867178,0.0,0.33,0.5059665871121718,0.9690831556503199,0.3125,0.5378590078328981,0.91,0.33
0.01114069219741962,0.014021358115268607,0.0,0.38,0.47255369928400953,0.9275053304904051,0.375,0.5509138381201043,0.9,0.38
0.0460159025545593,0.05990943921978405,0.0,0.33,0.5011933174224343,0.7345415778251599,0.40625,0.5822454308093994,0.91,0.33
0.02300795127727965,0.0,0.0,0.44,0.47971360381861566,0.88272921108742,0.5,0.5926892950391645,0.89,0.44
0.01996916525952573,0.026898115568066306,0.0615021770682148,0.43,0.513126491646778,0.9349680170575693,0.71875,0.5587467362924282,0.88,0.43
0.0067411831767825725,0.0947587208574362,0.04844439000489955,0.31,0.5322195704057279,0.9008528784648188,1.0,0.5822454308093994,0.91,0.31
0.00860459966467369,0.011075694645674362,0.0,0.36,0.5011933174224343,0.8944562899786781,1.0,0.5665796344647519,0.89,0.36
0.014906559982462871,0.1337109223166195,0.030606717226435536,0.23,0.5656324582338902,0.920042643923241,1.0,0.6240208877284595,0.93,0.23
0.020353187668362766,0.050692602416740354,0.16715976331360946,0.11,0.6348448687350835,0.7547974413646055,0.15625,0.6031331592689294,0.96,0.11
0.13229571984435798,0.5125585355470413,0.0,0.09,0.8066825775656324,0.3518123667377399,0.0625,0.8981723237597911,0.96,0.09
0.014007782101167316,0.12260536398467432,0.0,0.34,0.5513126491646778,0.8987206823027718,0.125,0.597911227154047,0.91,0.34
0.019519040632774126,0.0,0.0,0.43,0.4701670644391408,0.8891257995735609,0.1875,0.5169712793733681,0.87,0.43
0.017009449694274596,0.031011945007888213,0.0,0.39,0.48687350835322196,0.9360341151385928,0.21875,0.5456919060052219,0.9,0.39
0.012802811597841095,0.04584374479426953,0.0,0.37,0.4701670644391408,0.9402985074626866,0.21875,0.5587467362924282,0.9,0.37
0.01804032543332154,0.05990943921978405,0.0,0.32,0.513126491646778,0.8059701492537312,0.25,0.6083550913838119,0.9,0.32
0.012149606924481856,0.02961814972663481,0.011087127158555728,0.42,0.48926014319809064,0.939232409381663,0.28125,0.5352480417754568,0.89,0.42
0.0264591439688716,0.08237547892720307,0.14487179487179486,0.36,0.5465393794749404,0.9424307036247335,0.5,0.618798955613577,0.9,0.36
0.014007782101167316,0.0,0.051131221719457005,0.29,0.503579952267303,0.8379530916844349,0.53125,0.5535248041775457,0.91,0.29
0.04762645914396887,0.11460936198567383,0.0,0.43,0.5680190930787589,0.8603411513859276,0.71875,0.5926892950391645,0.88,0.43
0.01566659840262134,0.017116982634224016,0.01429655870445344,0.4,0.49880668257756555,0.9658848614072494,0.71875,0.5430809399477806,0.89,0.4
0.020528646182745205,0.023122941453249984,0.0,0.47,0.47255369928400953,0.9072494669509594,0.71875,0.5665796344647519,0.88,0.47
0.01676987998027073,0.11138092925368302,0.0,0.44,0.4964200477326969,0.821961620469083,0.71875,0.6005221932114881,0.89,0.44
0.0264591439688716,0.11460936198567383,0.048290598290598286,0.18,0.6229116945107398,0.5660980810234542,0.78125,0.6945169712793733,0.94,0.18
0.02768980182788888,0.1839080459770115,0.0,0.07,0.6252983293556086,0.79317697228145,0.84375,0.671018276762402,0.96,0.07
0.020180703027105455,0.04184151310588092,0.0,0.3,0.5465393794749404,0.511727078891258,0.90625,0.629242819843342,0.92,0.3
0.009840177509084478,0.0467378603842287,0.0,0.27,0.5083532219570405,0.5831556503198295,0.90625,0.5848563968668408,0.92,0.27
0.033073929961089495,0.04118773946360153,0.0,0.47,0.48210023866348445,0.7963752665245203,0.15625,0.5900783289817231,0.88,0.47
0.023624235686492495,0.07060755336617405,0.0,0.05,0.5417661097852028,0.7803837953091685,0.15625,0.6449086161879896,0.96,0.05
0.020353187668362766,0.02834425081366127,0.0,0.35,0.5059665871121718,0.9498933901918976,0.21875,0.5535248041775457,0.91,0.35
0.0,0.0,0.0,0.0,0.0,0.0,0.0,0.0,0.0,0.0
0.023624235686492495,0.16475095785440613,0.0776098901098901,0.11,0.6038186157517899,0.8539445628997867,0.28125,0.671018276762402,0.96,0.11
0.010669009664867578,0.043933588761174966,0.008762406947890818,0.27,0.4701670644391408,0.939232409381663,0.3125,0.5587467362924282,0.92,0.27
0.013925865246774524,0.01532567049808429,0.011437246963562752,0.23,0.4701670644391408,0.9253731343283582,0.375,0.5326370757180157,0.92,0.23
0.019745629827516115,0.1180305369703208,0.08108495981630309,0.08,0.6539379474940334,0.7633262260127931,0.59375,0.681462140992167,0.95,0.08
0.024053767244428724,0.1677464298153953,0.1777972027972028,0.38,0.5369928400954653,0.9168443496801706,0.71875,0.6057441253263707,0.9,0.38
0.029399048854301772,0.06083112290008842,0.0,0.31,0.5608591885441527,0.8528784648187634,0.71875,0.5900783289817231,0.92,0.31
0.03076644647543209,0.12552453931764276,0.0,0.38,0.5346062052505967,0.7974413646055437,0.90625,0.5900783289817231,0.91,0.38
0.01453799119168769,0.028967201380994487,0.059699915469146235,0.19,0.5155131264916468,0.5810234541577826,0.90625,0.5926892950391645,0.94,0.19
0.01453799119168769,0.014326170248209228,0.0,0.25,0.4653937947494033,0.9040511727078892,1.0,0.5509138381201043,0.92,0.25
0.02814802549879957,0.08412814869161163,0.046235679214402615,0.14,0.649164677804296,0.7697228144989339,0.125,0.6161879895561356,0.95,0.14
0.030962828048679527,0.08237547892720307,0.023117839607201308,0.35,0.477326968973747,0.8432835820895521,0.03125,0.597911227154047,0.9,0.35
0.04157865480822679,0.0,0.06208791208791208,0.38,0.5011933174224343,0.8294243070362474,0.09375,0.5926892950391645,0.88,0.38
0.020789327404113395,0.09414340448823207,0.0776098901098901,0.15,0.5966587112171837,0.7782515991471215,0.09375,0.629242819843342,0.94,0.15
0.016351156385257727,0.014326170248209228,0.0,0.27,0.46300715990453456,0.939232409381663,0.15625,0.5430809399477806,0.91,0.27
0.011928302608917522,0.01166378462686061,0.017812105926860024,0.28,0.47255369928400953,0.9339019189765457,0.25,0.5613577023498694,0.91,0.28
0.01753316769021612,0.015690567414705345,0.0,0.37,0.522673031026253,0.8773987206823027,0.375,0.5874673629242819,0.9,0.37
0.016351156385257727,0.014809074863317406,0.01220829732065687,0.26,0.5202863961813843,0.8294243070362474,0.5625,0.597911227154047,0.92,0.26
0.006114508060033352,0.051574212893553226,0.027391725921137686,0.26,0.5250596658711217,0.8400852878464818,0.59375,0.5926892950391645,0.92,0.26
0.023471821262708675,0.3138113482941069,0.017524813895781637,0.13,0.6873508353221957,0.3208955223880597,0.84375,0.7049608355091384,0.94,0.13
0.013728801115923941,0.03730210366514856,0.1230043541364296,0.24,0.548926014319809,0.8752665245202558,1.0,0.5874673629242819,0.92,0.24
0.027851730493549047,0.14644529587058322,0.19062078272604585,0.07,0.630071599045346,0.8550106609808102,0.09375,0.6553524804177544,0.96,0.07
0.04070637533672553,0.10138520483348071,0.02785996055226824,0.07,0.5918854415274463,0.7601279317697228,0.1875,0.639686684073107,0.96,0.07
0.03377763059855948,0.14021358115268606,0.06935351882160391,0.19,0.6229116945107398,0.9253731343283582,0.3125,0.6422976501305482,0.94,0.19
0.03527885862516213,0.0,0.0,0.24,0.5274463007159904,0.849680170575693,0.53125,0.6135770234986945,0.92,0.24
0.014699524427150886,0.039639328205571395,0.0,0.31,0.5513126491646778,0.8773987206823027,0.59375,0.6057441253263707,0.92,0.31
0.05121124639136438,0.0,0.0,0.16,0.5250596658711217,0.9498933901918976,0.59375,0.5718015665796344,0.94,0.16
0.03377763059855948,0.056085432461074426,0.11558919803600654,0.19,0.7040572792362768,0.7409381663113006,0.65625,0.7206266318537857,0.94,0.19
0.028349082823790995,0.05202661826981246,0.03880494505494505,0.23,0.5250596658711217,0.7867803837953091,0.6875,0.6057441253263707,0.93,0.23
0.042906719949521506,0.0,0.0,0.31,0.467780429594272,0.8923240938166312,0.71875,0.5456919060052219,0.92,0.31
0.026025387510365504,0.38892029395138494,0.0,0.33,0.649164677804296,0.5330490405117271,0.75,0.7049608355091384,0.92,0.33
0.013340744858254587,0.022724270048883603,0.027391725921137686,0.36,0.5107398568019094,0.7398720682302773,0.875,0.5770234986945169,0.9,0.36
0.02369475579301934,0.01910156033094564,0.0,0.22,0.47971360381861566,0.8081023454157783,0.09375,0.5561357702349868,0.93,0.22
0.05732814526588846,0.1412151067323481,0.036217948717948714,0.26,0.5250596658711217,0.821961620469083,0.03125,0.5900783289817231,0.92,0.26
0.01754943222425157,0.04034717335209946,0.033261381475667186,0.22,0.5346062052505967,0.7547974413646055,0.15625,0.629242819843342,0.93,0.22
0.01055119238022487,0.0947587208574362,0.013331760264275601,0.23,0.5298329355608592,0.8784648187633263,0.1875,0.6005221932114881,0.93,0.23
0.020721016361164503,0.2667396460499909,0.09163577386468952,0.1,0.7159904534606205,0.7547974413646055,0.1875,0.7258485639686683,0.95,0.1
0.01048685584132106,0.09005021298874373,0.07950281425891181,0.48,0.5178997613365155,0.9658848614072494,0.25,0.5796344647519582,0.87,0.48
0.06142301278488049,0.05005092390513604,0.0,0.26,0.5894988066825776,0.8763326226012794,0.28125,0.5822454308093994,0.92,0.26
0.0264591439688716,0.0,0.03343195266272189,0.23,0.5155131264916468,0.873134328358209,0.28125,0.5665796344647519,0.93,0.23
0.01932409390985004,0.16289982349649146,0.04883318928262748,0.14,0.6276849642004773,0.8560767590618337,0.28125,0.6866840731070495,0.95,0.14
0.04299610894941634,0.09885057471264368,0.02716346153846154,0.37,0.6062052505966586,0.9211087420042645,0.3125,0.6135770234986945,0.91,0.37
0.012462640275193143,0.01046037827647023,0.10235507246376811,0.3,0.5369928400954653,0.9434968017057569,0.3125,0.5744125326370757,0.91,0.3
0.023241139972657483,0.0,0.0,0.18,0.5083532219570405,0.79317697228145,0.53125,0.5535248041775457,0.93,0.18
0.04194742336528424,0.05648604269293925,0.0,0.2,0.5178997613365155,0.7110874200426439,0.84375,0.597911227154047,0.93,0.2
0.01910938175529615,0.07404537431658702,0.084508547008547,0.11,0.6420047732696897,0.8688699360341151,0.125,0.6449086161879896,0.96,0.11
0.052116495696262234,0.1597585045860908,0.09877622377622378,0.26,0.6252983293556086,0.7910447761194029,0.09375,0.6344647519582245,0.92,0.26
0.039996380418061715,0.10759246227226522,0.20214669051878353,0.03,0.6968973747016706,0.5469083155650319,0.9375,0.691906005221932,0.96,0.03
0.05612545690366702,0.2795773830256589,0.26340326340326337,0.13,0.7231503579952266,0.26332622601279315,0.34375,0.7467362924281983,0.95,0.13
0.025028919970554214,0.036611323967645805,0.05873180873180873,0.48,0.5155131264916468,0.9093816631130064,0.375,0.5822454308093994,0.87,0.48
0.03494603920417003,0.2735487602110894,0.2665094339622641,0.16,0.6181384248210023,0.8528784648187634,0.625,0.6422976501305482,0.94,0.16
0.07123615683926968,0.16897534138913448,0.0,0.18,0.594272076372315,0.8528784648187634,0.65625,0.6318537859007832,0.94,0.18
0.047490771226179784,0.19770114942528735,0.08357988165680473,0.11,0.7303102625298329,0.20362473347547974,0.84375,0.7493472584856397,0.95,0.11
0.06859778066003747,0.09763019724705548,0.040242165242165236,0.13,0.7303102625298329,0.24733475479744135,0.9375,0.7676240208877284,0.95,0.13
0.09922178988326849,0.2995471960989202,0.05432692307692308,0.09,0.7231503579952266,0.24840085287846483,0.09375,0.8067885117493472,0.95,0.09
0.05512321660181583,0.0,0.0,0.42,0.4582338902147971,0.8710021321961621,0.15625,0.5535248041775457,0.87,0.42
0.021806986787531533,0.07322264793529161,0.41789940828402367,0.21,0.7231503579952266,0.9189765458422174,0.28125,0.6892950391644909,0.94,0.21
0.022550406791651927,0.028967201380994487,0.03704108391608391,0.26,0.6014319809069212,0.7484008528784649,0.34375,0.5874673629242819,0.93,0.26
0.04313990864489934,0.06130268199233716,0.0,0.23,0.5250596658711217,0.9157782515991473,0.4375,0.5744125326370757,0.93,0.23
0.04049868974827285,0.05379623113613261,0.022174254317111456,0.17,0.5417661097852028,0.7292110874200427,0.53125,0.5926892950391645,0.95,0.17
0.018721092430805372,0.0,0.0,0.33,0.4653937947494033,0.8315565031982942,0.59375,0.5117493472584855,0.9,0.33
0.060134418111071807,0.15207780725022105,0.0,0.21,0.6324582338902147,0.6012793176972281,0.65625,0.681462140992167,0.93,0.21
0.034214410304575345,0.23122941453249982,0.01873342175066313,0.14,0.5894988066825776,0.5874200426439233,0.84375,0.6866840731070495,0.95,0.14
0.01837440553393861,0.06101887327940968,0.03018162393162393,0.21,0.5536992840095465,0.7878464818763328,0.40625,0.5900783289817231,0.94,0.21
0.02544148458545346,0.16897534138913448,0.6268491124260354,0.12,0.747016706443914,0.8507462686567163,0.15625,0.6788511749347258,0.96,0.12
0.03779877709838799,0.06590038314176246,0.17462225274725274,0.05,0.6921241050119331,0.650319829424307,0.03125,0.7362924281984333,0.97,0.05
0.018091722371878016,0.058318923134303056,0.0,0.35,0.5680190930787589,0.9328358208955224,0.15625,0.5953002610966056,0.91,0.35
0.023519239083441418,0.05923629945326962,0.012072649572649571,0.2,0.5322195704057279,0.906183368869936,0.1875,0.6031331592689294,0.93,0.2
0.024902723735408562,0.015505972503944107,0.038348416289592756,0.27,0.5465393794749404,0.9605543710021321,0.28125,0.5926892950391645,0.92,0.27
0.021167315175097276,0.014021358115268607,0.010865384615384615,0.36,0.4701670644391408,0.9498933901918976,0.28125,0.5221932114882506,0.9,0.36
0.010799650599539426,0.020810647307924986,0.016630690737833593,0.25,0.5107398568019094,0.6289978678038379,0.5625,0.5796344647519582,0.92,0.25
0.024902723735408562,0.015690567414705345,0.0,0.32,0.4940334128878281,0.9008528784648188,0.59375,0.5718015665796344,0.92,0.32
0.023519239083441418,0.07574756682961202,0.048290598290598286,0.01,0.6062052505966586,0.8379530916844349,0.75,0.6449086161879896,0.98,0.01
0.020550791432133276,0.013313208715507568,0.01054891710231516,0.37,0.4844868735083531,0.7867803837953091,0.84375,0.5587467362924282,0.9,0.37
0.07839746361147139,0.08503275244098381,0.12072649572649571,0.0,0.6825775656324582,0.3859275053304905,0.40625,0.7467362924281983,1.0,0.0
0.04810753448885745,0.05990943921978405,0.07408216783216783,0.18,0.6754176610978521,0.7814498933901919,0.03125,0.7101827676240209,0.94,0.18
0.0460159025545593,0.28652340496418455,0.07086120401337792,0.16,0.6801909307875895,0.859275053304904,0.125,0.6553524804177544,0.94,0.16
0.02550278936758708,0.07885515931492944,0.0,0.15,0.6038186157517899,0.5799573560767591,0.96875,0.6214099216710182,0.94,0.15
0.03993833051905146,0.025346301208370177,0.020500725689404933,0.2,0.5704057279236276,0.8678038379530918,0.28125,0.5822454308093994,0.94,0.2
0.05622568093385214,0.07189132706374085,0.0,0.25,0.6062052505966586,0.8710021321961621,0.125,0.6161879895561356,0.93,0.25
0.017849422518683218,0.08093029508637493,0.025869963369963365,0.24,0.4916467780429594,0.9051172707889127,0.1875,0.5535248041775457,0.91,0.24
0.028468699207013743,0.014172125406830636,0.0,0.4,0.47971360381861566,0.8720682302771855,0.25,0.5665796344647519,0.89,0.4
0.01618005206729558,0.02972949615417855,0.04690094078583287,0.35,0.47255369928400953,0.9712153518123666,0.3125,0.5456919060052219,0.9,0.35
0.022949257524021282,0.05491698595146871,0.022174254317111456,0.22,0.5513126491646778,0.847547974413646,0.375,0.6161879895561356,0.94,0.22
0.030808592292521718,0.07221959796357529,0.0,0.22,0.503579952267303,0.7473347547974413,0.40625,0.5926892950391645,0.93,0.22
0.05622568093385214,0.03820312066189128,0.0,0.23,0.49880668257756555,0.6481876332622601,0.5625,0.6161879895561356,0.92,0.23
0.04089140431552883,0.07189132706374085,0.0,0.1,0.5417661097852028,0.8784648187633263,0.59375,0.5744125326370757,0.95,0.1
0.044098573281452655,0.057304680992836914,0.02130467571644042,0.28,0.6825775656324582,0.7409381663113006,0.65625,0.6840731070496083,0.92,0.28
0.015299505016014188,0.017932077045377536,0.04434850863422291,0.26,0.5083532219570405,0.593816631130064,0.90625,0.5770234986945169,0.92,0.26
0.04889189646421925,0.08786717752234993,0.02362040133779264,0.16,0.6324582338902147,0.6769722814498934,0.40625,0.6344647519582245,0.95,0.16
0.10709653511209932,0.3138113482941069,0.1552197802197802,0.12,0.6754176610978521,0.6908315565031983,0.34375,0.6657963446475195,0.95,0.12
0.025883945186939605,0.04297851074462768,0.1771530100334448,0.12,0.639618138424821,0.9232409381663113,0.21875,0.6840731070496083,0.95,0.12
0.020528646182745205,0.011362135024441802,0.01873342175066313,0.2,0.5178997613365155,0.9445628997867803,0.28125,0.5926892950391645,0.94,0.2
0.04669260700389105,0.053432743087915506,0.0,0.25,0.5536992840095465,0.9072494669509594,0.3125,0.6135770234986945,0.92,0.25
0.03052978150254415,0.0,0.0,0.38,0.5155131264916468,0.9360341151385928,0.375,0.5613577023498694,0.88,0.38
0.0132295719844358,0.07752986251972054,0.0422542735042735,0.19,0.5083532219570405,0.8624733475479744,0.46875,0.5718015665796344,0.94,0.19
0.03133319680524268,0.16707139388052453,0.18585526315789472,0.27,0.630071599045346,0.8443496801705758,0.53125,0.7023498694516971,0.92,0.27
0.03903808126554825,0.0,0.0,0.23,0.513126491646778,0.7462686567164178,0.5625,0.5665796344647519,0.92,0.23
0.015875486381322957,0.06351844158242165,0.0,0.14,0.5083532219570405,0.5191897654584222,0.90625,0.6057441253263707,0.94,0.14
0.03262086242737594,0.16249409541804438,0.28279768177028447,0.14,0.747016706443914,0.8070362473347548,0.15625,0.671018276762402,0.95,0.14
0.028349082823790995,0.17259624156175882,0.29750457875457875,0.14,0.6634844868735083,0.7953091684434968,0.15625,0.6631853785900783,0.95,0.14
0.03396781996003786,0.12638429643625676,0.07341476091476092,0.27,0.5918854415274463,0.814498933901919,0.03125,0.6109660574412532,0.92,0.27
0.032644398403153266,0.05936971454212833,0.0,0.31,0.5560859188544153,0.8550106609808102,0.25,0.6031331592689294,0.91,0.31
0.05129834034781228,0.10854180752760874,0.0,0.18,0.6062052505966586,0.8784648187633263,0.3125,0.6579634464751958,0.94,0.18
0.03696498054474708,0.05569046462684151,0.015978506787330315,0.24,0.5298329355608592,0.908315565031983,0.375,0.5874673629242819,0.93,0.24
0.053481248447719176,0.1989445528807923,0.300531914893617,0.46,0.5775656324582339,0.8805970149253731,0.5,0.6344647519582245,0.86,0.46
0.0433382530524621,0.02440754931176387,0.09366710875331564,0.16,0.6372315035799522,0.6481876332622601,0.65625,0.7232375979112271,0.95,0.16
0.02564917017390614,0.13449057784033153,0.29935243328100464,0.08,0.6825775656324582,0.8315565031982942,0.1875,0.6684073107049607,0.96,0.08
0.029399048854301772,0.1318007662835249,0.036217948717948714,0.28,0.6133651551312649,0.9434968017057569,0.125,0.6422976501305482,0.92,0.28
0.03149898091532333,0.0,0.0,0.23,0.513126491646778,0.8976545842217485,0.125,0.5848563968668408,0.93,0.23
0.024499207378584808,0.08533862565120318,0.03018162393162393,0.15,0.6252983293556086,0.8304904051172708,0.1875,0.6083550913838119,0.95,0.15
0.033073929961089495,0.016271699541175914,0.01358173076923077,0.37,0.5560859188544153,0.8944562899786781,0.375,0.5796344647519582,0.9,0.37
0.02619717224640752,0.07855674811600823,0.0,0.28,0.5274463007159904,0.849680170575693,0.40625,0.6031331592689294,0.92,0.28
0.04810753448885745,0.05648604269293925,0.0,0.27,0.5083532219570405,0.8091684434968017,0.5,0.5691906005221932,0.91,0.27
0.04561921373943379,0.06817281014665082,0.22480106100795755,0.06,0.711217183770883,0.5714285714285715,0.53125,0.7728459530026108,0.97,0.06
0.0529182879377432,0.10544061302681992,0.04346153846153846,0.16,0.5536992840095465,0.7430703624733476,0.71875,0.6553524804177544,0.94,0.16
0.05088296917090692,0.0,0.020894970414201183,0.32,0.5298329355608592,0.873134328358209,1.0,0.5587467362924282,0.91,0.32
0.020671206225680933,0.09267241379310345,0.06790865384615384,0.13,0.5799522673031027,0.814498933901919,0.1875,0.6031331592689294,0.94,0.13
0.08535207731894062,0.25509825732295144,0.1401985111662531,0.08,0.7708830548926013,0.6364605543710021,0.9375,0.712793733681462,0.96,0.08
0.05556420233463035,0.025843287506573512,0.02173076923076923,0.25,0.5847255369928401,0.8176972281449894,0.09375,0.6031331592689294,0.92,0.25
0.049610894941634245,0.07060755336617405,0.0,0.33,0.5465393794749404,0.9104477611940299,0.15625,0.6214099216710182,0.92,0.33
0.1111284046692607,0.044678225858822,0.0,0.31,0.5298329355608592,0.6812366737739872,0.25,0.5953002610966056,0.92,0.31
0.054474708171206226,0.026898115568066306,0.06391402714932126,0.38,0.477326968973747,0.9999999999999999,0.28125,0.5483028720626631,0.9,0.38
0.05144833549502811,0.12921643753286755,0.020121082621082618,0.37,0.4940334128878281,0.8315565031982942,0.40625,0.5770234986945169,0.9,0.37
0.042094092677750265,0.1784802043422733,0.01646270396270396,0.3,0.548926014319809,0.7132196162046909,0.59375,0.6501305483028721,0.92,0.3
0.07311079254556625,0.1768059059900944,0.0,0.07,0.6348448687350835,0.4232409381663113,0.875,0.7232375979112271,0.96,0.07
0.03754337995583132,0.07010679057634303,0.0,0.26,0.548926014319809,0.7505330490405118,0.875,0.5796344647519582,0.93,0.26
0.04874052836371083,0.0,0.0,0.13,0.5202863961813843,0.3912579957356077,0.90625,0.6109660574412532,0.95,0.13
0.03754337995583132,0.02636015325670498,0.04404885654885655,0.17,0.6539379474940334,0.7953091684434968,0.15625,0.618798955613577,0.94,0.17
0.053898256232886584,0.07460420733029711,0.020121082621082618,0.19,0.5823389021479713,0.7356076759061834,0.09375,0.6475195822454307,0.94,0.19
0.02720098912687734,0.0,0.05077282530553558,0.23,0.5298329355608592,0.917910447761194,0.1875,0.5561357702349868,0.93,0.23
0.016921545561487648,0.04613026819923372,0.0,0.34,0.4940334128878281,0.8656716417910448,0.25,0.5848563968668408,0.91,0.34
0.05939807829746685,0.026898115568066306,0.022174254317111456,0.28,0.522673031026253,0.7409381663113006,0.40625,0.6161879895561356,0.91,0.28
0.03163593300625952,0.20277040966696142,0.14172240802675584,0.1,0.6873508353221957,0.39019189765458423,0.96875,0.7389033942558746,0.95,0.1
0.032702312770515454,0.028967201380994487,0.21974935177182367,0.28,0.6706443914081145,0.7537313432835822,0.65625,0.6579634464751958,0.95,0.28
0.044098573281452655,0.03934351232344027,0.04938811188811189,0.05,0.5465393794749404,0.8720682302771855,0.15625,0.5561357702349868,0.95,0.05
0.0786623199074561,0.1198188784395681,0.029365904365904364,0.09,0.6706443914081145,0.8198294243070363,0.21875,0.7023498694516971,0.96,0.09
0.033843091122975295,0.1198188784395681,0.1389758497316637,0.1,0.5966587112171837,0.8081023454157783,0.28125,0.6240208877284595,0.96,0.1
0.033437379740881686,0.04442722458995221,0.011939983093829248,0.39,0.4701670644391408,0.7857142857142857,0.34375,0.5613577023498694,0.89,0.39
0.036660259715906425,0.08135849770587956,0.17018072289156624,0.31,0.6062052505966586,0.8272921108742003,0.53125,0.6449086161879896,0.91,0.31
0.021130566364029397,0.008135849770587957,0.0,0.41,0.5107398568019094,0.9136460554371002,0.59375,0.5639686684073106,0.89,0.41
0.06474045864723901,0.22921872397134765,0.023117839607201308,0.09,0.6682577565632457,0.47228144989339016,0.78125,0.7310704960835508,0.96,0.09
0.07421467210781058,0.14193928676687298,0.0,0.14,0.5656324582338902,0.7452025586353945,0.5,0.6135770234986945,0.95,0.14
0.04057068741893644,0.07029374201787995,0.13038461538461538,0.13,0.6945107398568019,0.8187633262260128,0.15625,0.6553524804177544,0.95,0.13
0.14489531221048732,0.18828680897646413,0.25869963369963367,0.03,0.8281622911694511,0.8059701492537312,0.375,0.8459530026109661,0.96,0.03
0.044098573281452655,0.17191404297851073,0.2362040133779264,0.1,0.684964200477327,0.8123667377398721,0.21875,0.6318537859007832,0.96,0.1
0.023346303501945526,0.050692602416740354,0.007989253393665158,0.34,0.4558472553699284,0.9349680170575693,0.28125,0.5352480417754568,0.9,0.34
0.03052978150254415,0.013587707864280919,0.020894970414201183,0.24,0.5083532219570405,0.9712153518123666,0.3125,0.5613577023498694,0.93,0.24
0.06479790359723656,0.37657361795292826,0.1552197802197802,0.09,0.711217183770883,0.3731343283582089,0.34375,0.7336814621409921,0.95,0.09
0.0264591439688716,0.04584374479426953,0.009054487179487179,0.26,0.4964200477326969,0.7771855010660982,0.34375,0.5430809399477806,0.93,0.26
0.08141275067345106,0.1318007662835249,0.0,0.22,0.6038186157517899,0.6727078891257996,0.34375,0.6501305483028721,0.93,0.22
0.02442382520203532,0.023535851122058016,0.0,0.32,0.4844868735083531,0.7547974413646055,0.53125,0.5848563968668408,0.91,0.32
0.026907604036140606,0.04624588290649997,0.07366362451108213,0.24,0.5847255369928401,0.8656716417910448,0.59375,0.5796344647519582,0.93,0.24
0.08141275067345106,0.2584328750657351,0.02785996055226824,0.21,0.6157517899761337,0.7569296375266524,0.625,0.6945169712793733,0.94,0.21
0.04070637533672553,0.01689753413891345,0.0696499013806706,0.13,0.6038186157517899,0.5852878464818763,0.875,0.6449086161879896,0.95,0.13
0.05669816564758199,0.1412151067323481,0.0,0.37,0.594272076372315,0.8784648187633263,1.0,0.6266318537859007,0.9,0.37
0.05474305648732054,0.06817281014665082,0.16860079575596817,0.24,0.6801909307875895,0.8795309168443496,0.28125,0.6527415143603132,0.94,0.24
0.10242249278272876,0.25509825732295144,0.2453473945409429,0.12,0.737470167064439,0.771855010660981,0.28125,0.7232375979112271,0.95,0.12
0.06749781624712142,0.13049580820150983,0.0,0.12,0.6372315035799522,0.8944562899786781,0.28125,0.6475195822454307,0.95,0.12
0.026042464536290943,0.06637448661760247,0.05988794669897032,0.22,0.5465393794749404,0.7857142857142857,0.34375,0.6005221932114881,0.93,0.22
0.07691611618858023,0.04321336599459833,0.0,0.27,0.548926014319809,0.7292110874200427,0.46875,0.6161879895561356,0.92,0.27
0.03481466311693631,0.056085432461074426,0.022874493927125504,0.11,0.5871121718377088,0.5277185501066098,0.84375,0.6475195822454307,0.95,0.11
0.047933231827665936,0.2483202843022933,0.3149386845039019,0.02,0.7040572792362768,0.7388059701492536,0.59375,0.7023498694516971,0.98,0.02
0.42996108949416345,0.0,0.0,0.1,0.6754176610978521,0.38699360341151384,0.40625,0.7362924281984333,0.95,0.1
0.03126989741775734,0.35945663531870425,0.2173076923076923,0.09,0.747016706443914,0.28038379530916846,0.75,0.7545691906005222,0.96,0.09
0.1495516833023177,0.07908045977011494,0.0,0.12,0.6515513126491647,0.7569296375266524,0.59375,0.639686684073107,0.95,0.12
0.07817474354439335,0.05990943921978405,0.04938811188811189,0.17,0.5656324582338902,0.8315565031982942,0.53125,0.5953002610966056,0.94,0.17
0.07477584165115884,0.057304680992836914,0.0,0.19,0.6038186157517899,0.8411513859275054,0.5,0.6266318537859007,0.95,0.19
0.04046692607003891,0.19526039449411095,0.038348416289592756,0.19,0.6730310262529832,0.8049040511727079,0.15625,0.6788511749347258,0.94,0.19
0.02965248893063196,0.14644529587058322,0.11240053050397877,0.14,0.6515513126491647,0.7782515991471215,0.96875,0.639686684073107,0.95,0.14
0.024978912138445213,0.14326170248209227,0.01519634211941904,0.18,0.5465393794749404,0.8933901918976546,0.1875,0.5796344647519582,0.94,0.18
0.024299213848963712,0.039639328205571395,0.007391418105703819,0.31,0.48687350835322196,0.9733475479744136,0.28125,0.5352480417754568,0.91,0.31
0.06869200838072434,0.20277040966696142,0.3134245562130177,0.16,0.6778042959427207,0.908315565031983,0.3125,0.671018276762402,0.95,0.16
0.028575875486381325,0.0737346944243496,0.0,0.22,0.5441527446300716,0.7985074626865672,0.3125,0.618798955613577,0.94,0.22
0.13229571984435798,0.0,0.0,0.28,0.5704057279236276,0.800639658848614,0.5,0.629242819843342,0.92,0.28
0.10824195259992926,0.16475095785440613,0.09877622377622378,0.16,0.6467780429594272,0.6929637526652452,0.90625,0.7023498694516971,0.94,0.16
0.07765183556081882,0.33596273758545564,0.1181020066889632,0.07,0.6801909307875895,0.4466950959488273,0.90625,0.7362924281984333,0.96,0.07
0.037999834423379425,0.07010679057634303,0.023117839607201308,0.13,0.5250596658711217,0.7974413646055437,0.5,0.5639686684073106,0.95,0.13
0.055812256809338524,0.22653256704980843,0.15279447115384615,0.15,0.6801909307875895,0.7537313432835822,0.03125,0.618798955613577,0.95,0.15
0.04638940825711254,0.12552453931764276,0.1552197802197802,0.15,0.7326968973747016,0.7611940298507464,0.15625,0.6892950391644909,0.95,0.15
0.03494603920417003,0.07264609165233656,0.0,0.33,0.5632458233890214,0.9243070362473348,0.375,0.5848563968668408,0.91,0.33
0.04357976653696498,0.04651791751183232,0.025565610859728503,0.26,0.5178997613365155,0.7686567164179104,0.53125,0.5926892950391645,0.92,0.26
0.044098573281452655,0.18828680897646413,0.2328296703296703,0.06,0.6968973747016706,0.32196162046908317,0.8125,0.7467362924281983,0.96,0.06
0.03166051415078652,0.1948359153756455,0.04643326758711374,0.2,0.5775656324582339,0.7132196162046909,0.9375,0.6135770234986945,0.94,0.2
0.03249368557580722,0.0884029529950472,0.05718623481781376,0.21,0.6348448687350835,0.7942430703624733,0.9375,0.6579634464751958,0.93,0.21
0.041253504037487974,0.0,0.03504962779156327,0.29,0.5178997613365155,0.8486140724946695,0.25,0.5822454308093994,0.92,0.29
0.0254077872548767,0.053432743087915506,0.021586856851757513,0.45,0.5178997613365155,0.9509594882729211,0.28125,0.5770234986945169,0.87,0.45
0.02382966382289678,0.05135094790267204,0.1282250358337315,0.26,0.5560859188544153,0.9573560767590619,0.3125,0.6005221932114881,0.92,0.26
0.06502670975400647,0.021258188110245952,0.018415906127770533,0.46,0.4916467780429594,0.821961620469083,0.34375,0.5561357702349868,0.88,0.46
0.02574883137910323,0.1149939571601224,0.08021424883840991,0.28,0.5369928400954653,0.9701492537313433,0.375,0.5900783289817231,0.92,0.28
0.05115434500648509,0.19330779054916986,0.08692307692307692,0.06,0.6873508353221957,0.5980810234541578,0.9375,0.7519582245430808,0.97,0.06
0.0697559250088433,0.024868069110099037,0.07902097902097902,0.15,0.6754176610978521,0.6439232409381663,0.6875,0.6475195822454307,0.94,0.15
0.1278858625162127,0.5272030651340996,0.8330128205128206,0.33,0.8400954653937948,0.697228144989339,0.34375,0.7832898172323759,0.95,0.33
0.0620136186770428,0.09089708019553441,0.0,0.24,0.5704057279236276,0.7707889125799573,0.25,0.6422976501305482,0.93,0.24
0.05363339993690189,0.08905457181319251,0.1761954261954262,0.17,0.6682577565632457,0.8699360341151385,0.28125,0.6997389033942558,0.94,0.17
0.03575559995793459,0.12203774655881935,0.029365904365904364,0.13,0.5513126491646778,0.6567164179104478,0.6875,0.6631853785900783,0.95,0.13
0.04361397357506307,0.07241800345248621,0.07163989856297548,0.14,0.5823389021479713,0.7494669509594882,0.59375,0.6005221932114881,0.95,0.14
0.0621388987147742,0.16648517846339989,0.01646270396270396,0.29,0.649164677804296,0.9434968017057569,0.21875,0.6161879895561356,0.92,0.29
0.02563229571984436,0.07322264793529161,0.006790865384615385,0.31,0.5298329355608592,0.7611940298507464,0.34375,0.597911227154047,0.92,0.31
0.12062256809338522,0.5427090376380437,0.44739819004524883,0.19,0.8019093078758949,0.6321961620469083,0.34375,0.7806788511749347,0.94,0.19
0.04660417403608066,0.13328167376985664,0.04938811188811189,0.13,0.6014319809069212,0.6044776119402986,0.34375,0.6370757180156658,0.95,0.13
0.048660494655396035,0.22724270048883605,0.3122236958443855,0.01,0.711217183770883,0.7377398720682303,0.40625,0.6840731070496083,0.98,0.01
0.07527170267006575,0.1532567049808429,0.0,0.11,0.6587112171837708,0.4328358208955224,0.0625,0.7676240208877284,0.95,0.11
0.11488838828588983,0.2118226600985222,0.08577935222672063,0.18,0.6730310262529832,0.638592750533049,0.65625,0.6892950391644909,0.94,0.18
0.08084738434932988,0.3524904214559387,0.020121082621082618,0.14,0.7088305489260144,0.39339019189765456,0.84375,0.7493472584856397,0.95,0.14
0.07795997776542524,0.16475095785440613,0.09701236263736263,0.03,0.6992840095465394,0.4339019189765459,0.90625,0.7075718015665795,0.97,0.03
0.04243447617649218,0.10041963145411423,0.0922532656023222,0.19,0.6014319809069212,0.896588486140725,0.375,0.6344647519582245,0.94,0.19
0.045898515048042564,0.2774752974389998,0.12195839874411302,0.17,0.6945107398568019,0.6066098081023453,0.96875,0.7284595300261096,0.94,0.17
0.033798176602573206,0.14085578076101898,0.15068781583380123,0.29,0.6467780429594272,0.9168443496801706,0.28125,0.6736292428198433,0.92,0.29
0.04134241245136187,0.023963775687913618,0.02910370879120879,0.2,0.5107398568019094,0.9530916844349681,0.3125,0.5744125326370757,0.94,0.2
0.03589418755467077,0.11787060399339626,0.050536672629695883,0.17,0.5632458233890214,0.7515991471215352,0.34375,0.6422976501305482,0.93,0.17
0.044098573281452655,0.08786717752234993,0.06208791208791208,0.24,0.5513126491646778,0.7473347547974413,0.34375,0.6109660574412532,0.93,0.24
0.07123615683926968,0.09089708019553441,0.0,0.26,0.5298329355608592,0.8283582089552239,0.4375,0.5874673629242819,0.92,0.26
0.08574722582504683,0.1198188784395681,0.020121082621082618,0.21,0.5894988066825776,0.814498933901919,0.40625,0.712793733681462,0.93,0.21
0.024499207378584808,0.03254339908235183,0.0,0.22,0.5417661097852028,0.582089552238806,0.6875,0.6031331592689294,0.93,0.22
0.10523523169437565,0.07531472359058566,0.0,0.09,0.6276849642004773,0.38166311300639655,0.90625,0.6945169712793733,0.96,0.09
0.05716481721669789,0.1301735963294073,0.18779677113010443,0.16,0.6515513126491647,0.7665245202558636,0.53125,0.6475195822454307,0.95,0.16
0.01995840601100228,0.4488043334654512,0.6369363395225464,1.0,0.9045346062052505,0.7590618336886994,0.09375,0.7989556135770234,0.0,1.0
0.08418818535550053,0.24132534671631323,0.03951048951048951,0.1,0.720763723150358,0.5127931769722814,0.9375,0.7310704960835508,0.95,0.1
0.10133289179567845,0.1744421906693712,0.0,0.11,0.711217183770883,0.4328358208955224,0.1875,0.7415143603133159,0.95,0.11
0.0529182879377432,0.20502341421881654,0.07243589743589743,0.1,0.6587112171837708,0.6897654584221748,0.34375,0.691906005221932,0.95,0.1
0.02289733612690811,0.09180152875469397,0.06268491124260354,0.21,0.5656324582338902,0.6407249466950959,0.5625,0.6449086161879896,0.93,0.21
0.04846476865585391,0.04086845466155811,0.010757806549885757,0.27,0.539379474940334,0.8294243070362474,0.34375,0.5953002610966056,0.92,0.27
0.04944385489132571,0.06398095450656549,0.08780108780108781,0.12,0.6420047732696897,0.5607675906183369,0.5625,0.6527415143603132,0.95,0.12
0.05691792597954936,0.05990943921978405,0.012634168157423971,0.26,0.5202863961813843,0.7995735607675907,0.84375,0.5639686684073106,0.93,0.26
0.018402036218952048,0.04510292382325948,0.036762579525737415,0.4,0.5274463007159904,0.6545842217484008,0.875,0.5926892950391645,0.89,0.4
0.08899893880438628,0.19171020550330894,0.09877622377622378,0.11,0.6324582338902147,0.5948827292110873,0.53125,0.6161879895561356,0.96,0.11
0.0433382530524621,0.08311760035897967,0.05620026525198939,0.26,0.5560859188544153,0.9786780383795308,0.3125,0.5900783289817231,0.93,0.26
0.06206465869241485,0.12091813420506872,0.013414055080721746,0.26,0.5990453460620524,0.5916844349680171,0.40625,0.6579634464751958,0.92,0.26
0.04120686355807872,0.15816091954022987,0.017812105926860024,0.23,0.6539379474940334,0.7494669509594882,0.65625,0.6892950391644909,0.93,0.23
0.045702157764414574,0.1330099476255756,0.2173076923076923,0.04,0.6563245823389021,0.8646055437100213,0.1875,0.6135770234986945,0.97,0.04
0.04447873339594794,0.053432743087915506,0.0,0.33,0.539379474940334,0.8752665245202558,0.25,0.5900783289817231,0.9,0.33
0.05732814526588846,0.08871205422929561,0.06036324786324786,0.2,0.6610978520286396,0.8326226012793176,0.25,0.6971279373368146,0.93,0.2
0.05863105765829501,0.16475095785440613,0.04938811188811189,0.25,0.5894988066825776,0.5970149253731344,0.25,0.7154046997389034,0.93,0.25
0.019599365902867847,0.09617893755824791,0.004024216524216524,0.29,0.5536992840095465,0.7643923240938167,0.96875,0.639686684073107,0.91,0.29
0.04047854114640804,0.05302329678072841,0.008108495981630309,0.25,0.5417661097852028,0.929637526652452,0.28125,0.5639686684073106,0.93,0.25
0.06865980396985667,0.10854180752760874,0.08252190847127555,0.22,0.6348448687350835,0.8923240938166312,0.3125,0.6475195822454307,0.93,0.22
0.03135332088796923,0.023676784362309862,0.0753668297020898,0.29,0.5751789976133651,0.7547974413646055,0.6875,0.6057441253263707,0.92,0.29
0.05266140304484152,0.05549505948779996,0.06329350261389097,0.28,0.5823389021479713,0.6492537313432836,0.78125,0.6266318537859007,0.92,0.28
0.22600518806744488,0.16475095785440613,0.04527243589743589,0.0,0.6778042959427207,0.8272921108742003,0.46875,0.6684073107049607,0.97,0.0
0.0583239195012761,0.32249123665117796,0.16356492969396194,0.04,0.7661097852028639,0.7334754797441364,0.75,0.7467362924281983,0.97,0.04
0.06536964980544747,0.06059805346368961,0.06391402714932126,0.29,0.558472553699284,0.859275053304904,0.3125,0.6057441253263707,0.92,0.29
0.06536964980544747,0.09763019724705548,0.0,0.29,0.5751789976133651,0.8379530916844349,0.3125,0.629242819843342,0.92,0.29
0.04055781192308785,0.062390895282141964,0.0,0.33,0.5011933174224343,0.7366737739872068,0.34375,0.597911227154047,0.9,0.33
0.04085603112840467,0.1139018967882314,0.0,0.13,0.5656324582338902,0.5692963752665245,0.5625,0.6449086161879896,0.95,0.13
0.04026391473523939,0.1349141702114822,0.12597547380156074,0.24,0.630071599045346,0.7292110874200427,0.65625,0.6553524804177544,0.93,0.24
0.02447762217384597,0.08048901757772513,0.0,0.3,0.522673031026253,0.7942430703624733,0.96875,0.6031331592689294,0.91,0.3
0.06391815677873476,0.29618149726634807,0.35404062229904926,0.19,0.7350835322195703,0.800639658848614,0.125,0.7441253263707571,0.94,0.19
0.22754863813229573,0.3974943745058687,0.0,0.07,0.7136038186157518,0.3358208955223881,0.6875,0.7597911227154046,0.96,0.07
0.05088296917090692,0.08533862565120318,0.0,0.27,0.513126491646778,0.9445628997867803,0.3125,0.5848563968668408,0.92,0.27
0.022131254249056168,0.08088855692490698,0.0525092936802974,0.26,0.548926014319809,0.6460554371002132,0.5625,0.6475195822454307,0.92,0.26
0.03271829630559391,0.03876493125986027,0.0,0.32,0.513126491646778,0.9445628997867803,0.3125,0.5926892950391645,0.91,0.32
0.07582803454493689,0.38111064949452983,0.3445121951219512,0.02,0.7780429594272076,0.3336886993603412,0.0625,0.8302872062663185,0.97,0.02
0.07839746361147139,0.1285861134473414,0.1475546058879392,0.04,0.6109785202863962,0.6460554371002132,0.5625,0.6657963446475195,0.97,0.04
0.06002305807753279,0.2614230075045122,0.40242165242165234,0.18,0.6945107398568019,0.7835820895522388,0.53125,0.6945169712793733,0.94,0.18
0.0864332036316472,0.1405874840357599,0.39115384615384613,0.01,0.6992840095465394,0.6076759061833689,0.53125,0.6762402088772845,0.98,0.01
0.04685473411154345,0.035053395288171516,0.007545405982905982,0.38,0.4940334128878281,0.8816631130063967,0.3125,0.5639686684073106,0.89,0.38
0.054168326235485155,0.06377456433073786,0.03422168382798304,0.27,0.513126491646778,0.8208955223880597,0.34375,0.5718015665796344,0.92,0.27
0.07092141682377953,0.17664020223565194,0.21282712133227596,0.14,0.6276849642004773,0.6823027718550106,0.59375,0.7101827676240209,0.95,0.14
0.053328507224082285,0.17407648377069326,0.00842277877161598,0.14,0.6825775656324582,0.5394456289978679,0.84375,0.6892950391644909,0.95,0.14
